<?xml version="1.0"?>
<!DOCTYPE hibernate-mapping PUBLIC "-//Hibernate/Hibernate Mapping DTD 3.0//EN"
"http://www.hibernate.org/dtd/hibernate-mapping-3.0.dtd">
<!-- Generated 02/06/2019 22:20:35 by Hibernate Tools 4.3.1 -->
<hibernate-mapping>
    <class name="clases.Contribuyente" table="contribuyente" schema="public" optimistic-lock="version">
        <id name="idContrib" type="int">
            <column name="id_contrib" />
            <generator class="assigned" />
        </id>
        <many-to-one name="delegacion" class="clases.Delegacion" fetch="select">
            <column name="id_deleg" />
        </many-to-one>
        <property name="tipoCategoria" type="string">
            <column name="tipo_categoria" length="30" />
        </property>
        <set name="impuestos" table="impuesto" inverse="true" lazy="true" fetch="select">
            <key>
                <column name="id_contrib" />
            </key>
            <one-to-many class="clases.Impuesto" />
        </set>
        <set name="inmuebles" table="inmueble" inverse="true" lazy="true" fetch="select">
            <key>
                <column name="id_contrib" />
            </key>
            <one-to-many class="clases.Inmueble" />
        </set>
        <set name="transferencias" table="transferencia" inverse="true" lazy="true" fetch="select">
            <key>
                <column name="id_contrib" not-null="true" />
            </key>
            <one-to-many class="clases.Transferencia" />
        </set>
    </class>
</hibernate-mapping>
