<?xml version="1.0"?>
<!DOCTYPE hibernate-mapping PUBLIC "-//Hibernate/Hibernate Mapping DTD 3.0//EN"
"http://www.hibernate.org/dtd/hibernate-mapping-3.0.dtd">
<!-- Generated 02/06/2019 22:20:35 by Hibernate Tools 4.3.1 -->
<hibernate-mapping>
    <class name="clases.Delegacion" table="delegacion" schema="public" optimistic-lock="version">
        <id name="idDeleg" type="int">
            <column name="id_deleg" />
            <generator class="assigned" />
        </id>
        <property name="ciudad" type="string">
            <column name="ciudad" length="30" />
        </property>
        <property name="direccion" type="string">
            <column name="direccion" length="30" />
        </property>
        <set name="contribuyentes" table="contribuyente" inverse="true" lazy="true" fetch="select">
            <key>
                <column name="id_deleg" />
            </key>
            <one-to-many class="clases.Contribuyente" />
        </set>
    </class>
</hibernate-mapping>
