<?xml version="1.0"?>
<!DOCTYPE hibernate-mapping PUBLIC "-//Hibernate/Hibernate Mapping DTD 3.0//EN"
"http://www.hibernate.org/dtd/hibernate-mapping-3.0.dtd">
<!-- Generated 02/06/2019 22:20:35 by Hibernate Tools 4.3.1 -->
<hibernate-mapping>
    <class name="clases.Fisico" table="fisico" schema="public" optimistic-lock="version">
        <id name="idContrib" type="int">
            <column name="id_contrib" />
            <generator class="assigned" />
        </id>
        <property name="dni" type="java.lang.Integer">
            <column name="dni" />
        </property>
        <property name="nombre" type="string">
            <column name="nombre" length="30" />
        </property>
    </class>
</hibernate-mapping>
