<?xml version="1.0"?>
<!DOCTYPE hibernate-mapping PUBLIC "-//Hibernate/Hibernate Mapping DTD 3.0//EN"
"http://www.hibernate.org/dtd/hibernate-mapping-3.0.dtd">
<!-- Generated 02/06/2019 22:20:35 by Hibernate Tools 4.3.1 -->
<hibernate-mapping>
    <class name="clases.Impuesto" table="impuesto" schema="public" optimistic-lock="version">
        <id name="idImpue" type="int">
            <column name="id_impue" />
            <generator class="assigned" />
        </id>
        <many-to-one name="contribuyente" class="clases.Contribuyente" fetch="select">
            <column name="id_contrib" />
        </many-to-one>
        <many-to-one name="tipoImpuesto" class="clases.TipoImpuesto" fetch="select">
            <column name="id_tipo_impue" />
        </many-to-one>
        <property name="montoImpue" type="java.lang.Double">
            <column name="monto_impue" precision="17" scale="17" />
        </property>
        <property name="fechaVenci" type="date">
            <column name="fecha_venci" length="13" />
        </property>
        <property name="alicuota" type="java.lang.Double">
            <column name="alicuota" precision="17" scale="17" />
        </property>
        <property name="fechaPago" type="date">
            <column name="fecha_pago" length="13" />
        </property>
    </class>
</hibernate-mapping>
