<?xml version="1.0"?>
<!DOCTYPE hibernate-mapping PUBLIC "-//Hibernate/Hibernate Mapping DTD 3.0//EN"
"http://www.hibernate.org/dtd/hibernate-mapping-3.0.dtd">
<!-- Generated 02/06/2019 22:20:35 by Hibernate Tools 4.3.1 -->
<hibernate-mapping>
    <class name="clases.Inmueble" table="inmueble" schema="public" optimistic-lock="version">
        <id name="idInmueble" type="int">
            <column name="id_inmueble" />
            <generator class="assigned" />
        </id>
        <many-to-one name="contribuyente" class="clases.Contribuyente" fetch="select">
            <column name="id_contrib" />
        </many-to-one>
        <property name="valor" type="java.lang.Double">
            <column name="valor" precision="17" scale="17" />
        </property>
        <property name="direccion" type="string">
            <column name="direccion" length="30" />
        </property>
        <property name="fechaInmueble" type="date">
            <column name="fecha_inmueble" length="13" />
        </property>
    </class>
</hibernate-mapping>
