<?xml version="1.0"?>
<!DOCTYPE hibernate-mapping PUBLIC "-//Hibernate/Hibernate Mapping DTD 3.0//EN"
"http://www.hibernate.org/dtd/hibernate-mapping-3.0.dtd">
<!-- Generated 02/06/2019 22:20:35 by Hibernate Tools 4.3.1 -->
<hibernate-mapping>
    <class name="clases.Sello" table="sello" schema="public" optimistic-lock="version">
        <id name="idImpue" type="int">
            <column name="id_impue" />
            <generator class="assigned" />
        </id>
        <property name="tipoSello" type="java.lang.Integer">
            <column name="tipo_sello" />
        </property>
    </class>
</hibernate-mapping>
