<?xml version="1.0"?>
<!DOCTYPE hibernate-mapping PUBLIC "-//Hibernate/Hibernate Mapping DTD 3.0//EN"
"http://www.hibernate.org/dtd/hibernate-mapping-3.0.dtd">
<!-- Generated 02/06/2019 22:20:35 by Hibernate Tools 4.3.1 -->
<hibernate-mapping>
    <class name="clases.TipoImpuesto" table="tipo_impuesto" schema="public" optimistic-lock="version">
        <id name="idTipoImpue" type="int">
            <column name="id_tipo_impue" />
            <generator class="assigned" />
        </id>
        <property name="tipoImpue" type="string">
            <column name="tipo_impue" length="20" />
        </property>
        <set name="impuestos" table="impuesto" inverse="true" lazy="true" fetch="select">
            <key>
                <column name="id_tipo_impue" />
            </key>
            <one-to-many class="clases.Impuesto" />
        </set>
    </class>
</hibernate-mapping>
