<?xml version="1.0"?>
<!DOCTYPE hibernate-mapping PUBLIC "-//Hibernate/Hibernate Mapping DTD 3.0//EN"
"http://www.hibernate.org/dtd/hibernate-mapping-3.0.dtd">
<!-- Generated 02/06/2019 22:20:35 by Hibernate Tools 4.3.1 -->
<hibernate-mapping>
    <class name="clases.Transferencia" table="transferencia" schema="public" optimistic-lock="version">
        <composite-id name="id" class="clases.TransferenciaId">
            <key-property name="idTransfe" type="int">
                <column name="id_transfe" />
            </key-property>
            <key-property name="dominio" type="int">
                <column name="dominio" />
            </key-property>
            <key-property name="idContrib" type="int">
                <column name="id_contrib" />
            </key-property>
        </composite-id>
        <many-to-one name="contribuyente" class="clases.Contribuyente" update="false" insert="false" fetch="select">
            <column name="id_contrib" not-null="true" />
        </many-to-one>
        <many-to-one name="vehiculo" class="clases.Vehiculo" update="false" insert="false" fetch="select">
            <column name="dominio" not-null="true" />
        </many-to-one>
        <property name="fechaTransfe" type="date">
            <column name="fecha_transfe" length="13" />
        </property>
        <property name="montoTransfe" type="java.lang.Double">
            <column name="monto_transfe" precision="17" scale="17" />
        </property>
    </class>
</hibernate-mapping>
