<?xml version="1.0"?>
<!DOCTYPE hibernate-mapping PUBLIC "-//Hibernate/Hibernate Mapping DTD 3.0//EN"
"http://www.hibernate.org/dtd/hibernate-mapping-3.0.dtd">
<!-- Generated 02/06/2019 22:20:35 by Hibernate Tools 4.3.1 -->
<hibernate-mapping>
    <class name="clases.Usuario" table="usuario" schema="public" optimistic-lock="version">
        <id name="usuario" type="string">
            <column name="usuario" length="20" />
            <generator class="assigned" />
        </id>
        <property name="pass" type="string">
            <column name="pass" length="20" />
        </property>
    </class>
</hibernate-mapping>
