<?xml version="1.0"?>
<!DOCTYPE hibernate-mapping PUBLIC "-//Hibernate/Hibernate Mapping DTD 3.0//EN"
"http://www.hibernate.org/dtd/hibernate-mapping-3.0.dtd">
<!-- Generated 02/06/2019 22:20:35 by Hibernate Tools 4.3.1 -->
<hibernate-mapping>
    <class name="clases.Vehiculo" table="vehiculo" schema="public" optimistic-lock="version">
        <id name="dominio" type="int">
            <column name="dominio" />
            <generator class="assigned" />
        </id>
        <property name="modelo" type="string">
            <column name="modelo" length="30" />
        </property>
        <property name="marca" type="string">
            <column name="marca" length="30" />
        </property>
        <property name="tipo" type="java.lang.Integer">
            <column name="tipo" />
        </property>
        <set name="transferencias" table="transferencia" inverse="true" lazy="true" fetch="select">
            <key>
                <column name="dominio" not-null="true" />
            </key>
            <one-to-many class="clases.Transferencia" />
        </set>
    </class>
</hibernate-mapping>
